{"sections":{"cart-items":{"type":"main-cart-items","settings":{"show_vendor":false,"padding_top":36,"padding_bottom":36}},"cart-footer":{"type":"main-cart-footer","blocks":{"subtotal":{"type":"subtotal","settings":{}},"buttons":{"type":"buttons","settings":{}}},"block_order":["subtotal","buttons"],"settings":{"show_cart_note":false}},"featured-collection":{"type":"featured-collection","settings":{"title":"You may also like","heading_size":"h2","collection":"all","products_to_show":3,"columns_desktop":3,"color_scheme":"background-1","show_view_all":false,"image_ratio":"portrait","show_secondary_image":false,"show_vendor":false,"show_rating":false,"columns_mobile":"2","swipe_on_mobile":false,"padding_top":36,"padding_bottom":36}}},"order":["cart-items","cart-footer","featured-collection"]}