{"sections":{"banner":{"type":"main-collection-banner","settings":{"show_collection_description":false,"show_collection_image":false,"color_scheme":"background-1"}},"product-grid":{"type":"main-collection-product-grid","settings":{"products_per_page":24,"columns_desktop":3,"image_ratio":"portrait","show_secondary_image":true,"show_vendor":false,"show_rating":false,"enable_filtering":true,"enable_sorting":true,"collapse_on_larger_devices":false,"columns_mobile":"2","padding_top":36,"padding_bottom":60}}},"order":["banner","product-grid"]}