{"sections":{"rich-text":{"type":"rich-text","disabled":true,"blocks":{"heading":{"type":"heading","disabled":true,"settings":{"heading":"Introduce your brand","heading_size":"h1"}}},"block_order":["heading"],"settings":{"color_scheme":"background-1","full_width":true,"padding_top":20,"padding_bottom":52}},"slideshow":{"type":"slideshow","blocks":{"9074b528-916a-4199-aa0f-18598d5564fb":{"type":"slide","settings":{"image":"shopify:\/\/shop_images\/business-team-meeting-boardroom.jpg","heading":"WELLCOME TO PLKART","heading_size":"h1","subheading":"A Place Where You Can Find Variety of Goods, That Makes Your Daily Life Comfy.","button_label":"SHOW MORE","link":"shopify:\/\/pages\/about-us","button_style_secondary":false,"box_align":"bottom-center","show_text_box":false,"text_alignment":"center","image_overlay_opacity":70,"color_scheme":"background-1","text_alignment_mobile":"center"}},"slide-0":{"type":"slide","settings":{"image":"shopify:\/\/shop_images\/contact-us-flatlay.jpg","heading":"Ensuring Quality","heading_size":"h0","subheading":"Our Aim is to Provide You With an Excellent Shopping Experience as our Customer's Satisfaction is Paramount. We Strive to Give You the Best Product at a Great Price","button_label":"SHOP NOW","link":"shopify:\/\/collections\/all","button_style_secondary":true,"box_align":"bottom-center","show_text_box":false,"text_alignment":"center","image_overlay_opacity":70,"color_scheme":"background-2","text_alignment_mobile":"center"}},"4678e70a-d496-4377-ba0e-ea6f054c88ac":{"type":"slide","settings":{"image":"shopify:\/\/shop_images\/8873bffcdfb732147e97eef3226ee6a7.jpg","heading":"","heading_size":"h1","subheading":"","button_label":"SHOP NOW","link":"shopify:\/\/collections\/all","button_style_secondary":true,"box_align":"middle-center","show_text_box":false,"text_alignment":"center","image_overlay_opacity":0,"color_scheme":"background-1","text_alignment_mobile":"center"}}},"block_order":["9074b528-916a-4199-aa0f-18598d5564fb","slide-0","4678e70a-d496-4377-ba0e-ea6f054c88ac"],"settings":{"layout":"full_bleed","slide_height":"small","slider_visual":"dots","auto_rotate":true,"change_slides_speed":5,"show_text_below":false,"accessibility_info":"Slideshow about our brand."}},"rich-text-1":{"type":"rich-text","blocks":{"heading":{"type":"heading","settings":{"heading":"Featured collection","heading_size":"h1"}}},"block_order":["heading"],"settings":{"color_scheme":"background-1","full_width":true,"padding_top":24,"padding_bottom":0}},"featured-collection-1":{"type":"featured-collection","settings":{"title":"","heading_size":"h0","collection":"all","products_to_show":4,"columns_desktop":3,"color_scheme":"background-1","show_view_all":false,"image_ratio":"square","show_secondary_image":true,"show_vendor":true,"show_rating":false,"columns_mobile":"2","swipe_on_mobile":true,"padding_top":12,"padding_bottom":32}},"image-with-text-1":{"type":"image-with-text","blocks":{"heading":{"type":"heading","settings":{"heading":"PLKart","heading_size":"h2"}},"button":{"type":"button","settings":{"button_label":"Shop","button_link":"shopify:\/\/collections\/all"}}},"block_order":["heading","button"],"settings":{"image":"shopify:\/\/shop_images\/Elegant_Online_Shopping_Logo_Template_1_a7a92e0a-6955-43d0-92ec-9709c3779392.png","height":"small","desktop_image_width":"large","layout":"image_first","desktop_content_position":"middle","desktop_content_alignment":"center","content_layout":"no-overlap","color_scheme":"inverse","mobile_content_alignment":"center","padding_top":0,"padding_bottom":0}},"image-with-text":{"type":"image-with-text","disabled":true,"blocks":{"heading":{"type":"heading","settings":{"heading":"Share something unique about your brand","heading_size":"h1"}}},"block_order":["heading"],"settings":{"height":"small","desktop_image_width":"small","layout":"text_first","desktop_content_position":"middle","desktop_content_alignment":"left","content_layout":"no-overlap","color_scheme":"accent-2","mobile_content_alignment":"left","padding_top":36,"padding_bottom":0}},"featured-collection":{"type":"featured-collection","disabled":true,"settings":{"title":"","heading_size":"h1","collection":"all","products_to_show":3,"columns_desktop":3,"color_scheme":"background-1","show_view_all":false,"image_ratio":"portrait","show_secondary_image":true,"show_vendor":true,"show_rating":false,"columns_mobile":"2","swipe_on_mobile":true,"padding_top":28,"padding_bottom":0}},"rich-text-2":{"type":"rich-text","disabled":true,"blocks":{"heading":{"type":"heading","settings":{"heading":"Featured collection","heading_size":"h2"}}},"block_order":["heading"],"settings":{"color_scheme":"background-1","full_width":true,"padding_top":28,"padding_bottom":12}},"rich-text-3":{"type":"rich-text","disabled":true,"blocks":{"text":{"type":"text","settings":{"text":"<p>SHOP BY ARTIST<\/p>"}},"heading":{"type":"heading","settings":{"heading":"Talk about your collections","heading_size":"h1"}}},"block_order":["text","heading"],"settings":{"color_scheme":"accent-1","full_width":true,"padding_top":84,"padding_bottom":84}},"collection-list":{"type":"collection-list","disabled":true,"settings":{"title":"","heading_size":"h1","image_ratio":"square","columns_desktop":2,"color_scheme":"accent-1","show_view_all":false,"columns_mobile":"1","swipe_on_mobile":false,"padding_top":0,"padding_bottom":68}},"multicolumn":{"type":"multicolumn","disabled":true,"blocks":{"column":{"type":"column","settings":{"image":"shopify:\/\/shop_images\/Copy_of_Elegant_Online_Shopping_Logo_Template.png","title":"Add an image","text":"","link_label":"","link":""}},"22a9cac5-29b0-41a7-9258-e2be4723aa6e":{"type":"column","settings":{"title":"Column","text":"<p>Pair text with an image to focus on your chosen product, collection, or blog post. Add details on availability, style, or even provide a review.<\/p>","link_label":"","link":""}}},"block_order":["column","22a9cac5-29b0-41a7-9258-e2be4723aa6e"],"settings":{"title":"","heading_size":"h1","image_width":"half","image_ratio":"adapt","columns_desktop":1,"column_alignment":"center","background_style":"none","button_label":"","button_link":"","color_scheme":"background-1","columns_mobile":"2","swipe_on_mobile":false,"padding_top":68,"padding_bottom":0}},"newslettter":{"type":"newsletter","disabled":true,"blocks":{"heading":{"type":"heading","settings":{"heading":"Be the first to know","heading_size":"h1"}},"paragraph":{"type":"paragraph","settings":{"text":"<p>Join our email list to learn about exclusive showings and new collections.<\/p>"}},"form":{"type":"email_form","settings":{}}},"block_order":["heading","paragraph","form"],"settings":{"color_scheme":"background-1","full_width":true,"padding_top":12,"padding_bottom":84}},"image-with-text-2":{"type":"image-with-text","disabled":true,"blocks":{"heading":{"type":"heading","settings":{"heading":"Share a quote from your brand's founder or highlight a customer review","heading_size":"h2"}},"button":{"type":"button","settings":{"button_label":"Read more","button_link":""}}},"block_order":["heading","button"],"settings":{"height":"adapt","desktop_image_width":"small","layout":"image_first","desktop_content_position":"bottom","desktop_content_alignment":"left","content_layout":"no-overlap","color_scheme":"accent-1","mobile_content_alignment":"left","padding_top":0,"padding_bottom":76}}},"order":["rich-text","slideshow","rich-text-1","featured-collection-1","image-with-text-1","image-with-text","featured-collection","rich-text-2","rich-text-3","collection-list","multicolumn","newslettter","image-with-text-2"]}