{"sections":{"main":{"type":"main-product","blocks":{"vendor":{"type":"text","settings":{"text":"{{ product.vendor }}","text_style":"uppercase"}},"title":{"type":"title","settings":{}},"caption":{"type":"text","settings":{"text":"{{ product.metafields.descriptors.subtitle.value }}","text_style":"subtitle"}},"price":{"type":"price","settings":{}},"variant_picker":{"type":"variant_picker","settings":{"picker_type":"button"}},"quantity_selector":{"type":"quantity_selector","settings":{}},"buy_buttons":{"type":"buy_buttons","settings":{"show_dynamic_checkout":true}},"share":{"type":"share","settings":{"share_label":"Share"}},"description":{"type":"description","settings":{}},"c97219db-5940-4eee-bf17-e38cd809fe01":{"type":"shopify:\/\/apps\/contlo-product-reviews-app\/blocks\/review-badge\/2fbef1c9-d2ad-4e9e-bb8e-7037fc9c84d4","settings":{"show_no_rating":false,"alignment":"left","product":"{{product}}"}}},"block_order":["vendor","title","c97219db-5940-4eee-bf17-e38cd809fe01","caption","price","variant_picker","quantity_selector","buy_buttons","share","description"],"settings":{"enable_sticky_info":true,"gallery_layout":"thumbnail","media_size":"large","mobile_thumbnails":"show","hide_variants":true,"enable_video_looping":false,"padding_top":40,"padding_bottom":100}},"multicolumn":{"type":"multicolumn","disabled":true,"blocks":{"column-0":{"type":"column","settings":{"title":"Shipping","text":"","link_label":"","link":"shopify:\/\/policies\/shipping-policy"}},"column-1":{"type":"column","settings":{"title":"Returns","text":"<p>Share the details of your return policy.<\/p>","link_label":"","link":""}}},"block_order":["column-0","column-1"],"settings":{"title":"","heading_size":"h1","image_width":"full","image_ratio":"adapt","columns_desktop":2,"column_alignment":"left","background_style":"primary","button_label":"","button_link":"","color_scheme":"background-1","columns_mobile":"1","swipe_on_mobile":false,"padding_top":56,"padding_bottom":36}},"image-with-text":{"type":"image-with-text","disabled":true,"blocks":{"text":{"type":"text","settings":{"text":"<p>Image with text<\/p>","text_style":"body"}},"heading":{"type":"heading","settings":{"heading":"Pair text with an image","heading_size":"h1"}}},"block_order":["text","heading"],"settings":{"height":"adapt","desktop_image_width":"large","layout":"text_first","desktop_content_position":"bottom","desktop_content_alignment":"left","content_layout":"no-overlap","color_scheme":"accent-1","mobile_content_alignment":"left","padding_top":36,"padding_bottom":0}},"image-with-text-1":{"type":"image-with-text","disabled":true,"blocks":{"text":{"type":"text","settings":{"text":"<p>Pair text with an image to focus on your chosen product, collection, or artist. Add details on availability, style, or even provide a review.<\/p>","text_style":"body"}}},"block_order":["text"],"settings":{"height":"small","desktop_image_width":"small","layout":"image_first","desktop_content_position":"middle","desktop_content_alignment":"left","content_layout":"no-overlap","color_scheme":"accent-1","mobile_content_alignment":"left","padding_top":0,"padding_bottom":56}},"product-recommendations":{"type":"product-recommendations","disabled":true,"settings":{"heading":"You may also like","heading_size":"h1","columns_desktop":4,"color_scheme":"background-1","image_ratio":"portrait","show_secondary_image":true,"show_vendor":false,"show_rating":false,"columns_mobile":"2","padding_top":0,"padding_bottom":0}},"image-with-text-2":{"type":"image-with-text","disabled":true,"blocks":{"heading":{"type":"heading","settings":{"heading":"Image with text","heading_size":"h1"}},"text":{"type":"text","settings":{"text":"<p>Pair text with an image to provide extra information about your brand or collections.<\/p>","text_style":"body"}}},"block_order":["heading","text"],"settings":{"height":"adapt","desktop_image_width":"medium","layout":"text_first","desktop_content_position":"middle","desktop_content_alignment":"left","content_layout":"no-overlap","color_scheme":"inverse","mobile_content_alignment":"left","padding_top":32,"padding_bottom":76}},"1629746450643786911":{"type":"areviews-section","settings":{}},"81594774669387351":{"type":"apps","blocks":{"126c3a5d-b6e3-4dbc-9d39-6d5f5797ca38":{"type":"shopify:\/\/apps\/contlo-product-reviews-app\/blocks\/review-widget\/2fbef1c9-d2ad-4e9e-bb8e-7037fc9c84d4","settings":{}}},"block_order":["126c3a5d-b6e3-4dbc-9d39-6d5f5797ca38"],"settings":{"include_margins":true}}},"order":["main","multicolumn","image-with-text","image-with-text-1","81594774669387351","product-recommendations","image-with-text-2","1629746450643786911"]}