{"current":{"colors_solid_button_labels":"#fcfcfc","colors_accent_1":"#b463ff","gradient_accent_1":"","colors_accent_2":"#103948","gradient_accent_2":"","colors_text":"#2d1048","colors_outline_button_labels":"#49008c","colors_background_1":"#fcfcfc","gradient_background_1":"","colors_background_2":"#ebeced","gradient_background_2":"","type_header_font":"electra_n4","heading_scale":105,"type_body_font":"electra_n4","body_scale":105,"page_width":1000,"spacing_sections":0,"spacing_grid_horizontal":40,"spacing_grid_vertical":40,"buttons_border_thickness":1,"buttons_border_opacity":100,"buttons_radius":40,"buttons_shadow_opacity":10,"buttons_shadow_horizontal_offset":2,"buttons_shadow_vertical_offset":2,"buttons_shadow_blur":5,"variant_pills_border_thickness":1,"variant_pills_border_opacity":55,"variant_pills_radius":40,"variant_pills_shadow_opacity":0,"variant_pills_shadow_horizontal_offset":0,"variant_pills_shadow_vertical_offset":0,"variant_pills_shadow_blur":0,"inputs_border_thickness":1,"inputs_border_opacity":15,"inputs_radius":2,"inputs_shadow_opacity":5,"inputs_shadow_horizontal_offset":2,"inputs_shadow_vertical_offset":2,"inputs_shadow_blur":5,"card_style":"standard","card_image_padding":0,"card_text_alignment":"center","card_color_scheme":"background-1","card_border_thickness":0,"card_border_opacity":0,"card_corner_radius":0,"card_shadow_opacity":10,"card_shadow_horizontal_offset":0,"card_shadow_vertical_offset":0,"card_shadow_blur":0,"text_boxes_border_thickness":24,"text_boxes_border_opacity":0,"text_boxes_radius":0,"text_boxes_shadow_opacity":0,"text_boxes_shadow_horizontal_offset":0,"text_boxes_shadow_vertical_offset":0,"text_boxes_shadow_blur":0,"media_border_thickness":24,"media_border_opacity":5,"media_radius":0,"media_shadow_opacity":0,"media_shadow_horizontal_offset":0,"media_shadow_vertical_offset":0,"media_shadow_blur":0,"popup_border_thickness":0,"popup_border_opacity":10,"popup_corner_radius":0,"popup_shadow_opacity":10,"popup_shadow_horizontal_offset":6,"popup_shadow_vertical_offset":6,"popup_shadow_blur":25,"drawer_border_thickness":1,"drawer_border_opacity":10,"drawer_shadow_opacity":0,"drawer_shadow_horizontal_offset":0,"drawer_shadow_vertical_offset":0,"drawer_shadow_blur":0,"badge_position":"bottom left","badge_corner_radius":40,"sale_badge_color_scheme":"accent-2","sold_out_badge_color_scheme":"inverse","accent_icons":"accent-2","social_twitter_link":"","social_facebook_link":"","social_pinterest_link":"","social_instagram_link":"","social_tiktok_link":"","social_tumblr_link":"","social_snapchat_link":"","social_youtube_link":"","social_vimeo_link":"","predictive_search_enabled":true,"predictive_search_show_vendor":false,"predictive_search_show_price":false,"currency_code_enabled":true,"mlvedaACS_autoSwitch":false,"mlvedaACS_isCustomized":true,"mlvedaACS_borderLook":true,"mlvedaACS_textColor":"inherit","mlvedaACS_flagStyle":"circle","mlvedaACS_isMessageDisplay":true,"mlvedaACS_messageColor":"inherit","mlvedaACS_roundDecimal":false,"mlvedaACS_messageContent":"<<shop.name>> process all orders in <<shop.currency>>. While the content of your cart is currently displayed in <<shop.selected_currency>>, you will checkout using <<shop.currency>> at the most current exchange rate.","mlvedaACS_os2":false,"mlvedaACS_positionTop":"10px","mlvedaACS_positionRight":"10px","mlvedaACS_positionLeft":"10px","mlvedaACS_defaultCurrency":"USD","mlvedaACS_positionBottom":"10px","mlvedaACS_messageBackgroundColor":"inherit","mlvedaACS_roundDecimalValue":1,"mlvedaACS_backgroundColor":"#ffffff","mlvedaACS_position":"top_with_right","mlvedaACS_textHoverColor":"inherit","mlvedaACS_enable":true,"mlvedaACS_supportedCurrencies":"USD GBP EUR CAD AUD INR JPY TTD PKR","mlvedaACS_hideDecimal":false,"mlvedaACS_hoverBackgroundColor":"inherit","mlvedaACS_currencyFormat":"money_with_currency_format","mlvedaACS_borderLineColor":"inherit","mlvedaACS_displayFlag":false,"sections":{"announcement-bar":{"type":"announcement-bar","blocks":{"announcement-bar-0":{"type":"announcement","settings":{"text":"Free Shipping Available in 70+ countries 🚚","color_scheme":"inverse","link":""}}},"block_order":["announcement-bar-0"],"settings":{}},"footer":{"type":"footer","blocks":{"link-list":{"type":"link_list","settings":{"heading":"Quicks Links","menu":"footer"}},"link-list-1":{"type":"link_list","disabled":true,"settings":{"heading":"Info","menu":"footer"}},"image":{"type":"image","settings":{"image":"shopify:\/\/shop_images\/Untitled_design_32.png","image_width":200,"alignment":"right"}},"text":{"type":"text","settings":{"heading":"Our mission","subtext":"<p><strong>We promise to serve our costumer with best quality products.<\/strong><\/p>"}}},"block_order":["link-list","link-list-1","image","text"],"settings":{"color_scheme":"background-1","newsletter_enable":false,"newsletter_heading":"Subscribe to our emails","show_social":true,"enable_country_selector":false,"enable_language_selector":false,"payment_enable":true,"margin_top":0,"padding_top":44,"padding_bottom":32}},"main-password-footer":{"type":"main-password-footer","settings":{"color_scheme":"background-1"}},"header":{"type":"header","settings":{"color_scheme":"background-1","logo":"shopify:\/\/shop_images\/Untitled_design_32.png","logo_width":160,"logo_position":"top-center","menu":"main-menu","show_line_separator":false,"enable_sticky_header":false,"margin_bottom":0}},"main-password-header":{"type":"main-password-header","settings":{"logo_max_width":100,"color_scheme":"background-1"}}},"content_for_index":[]},"presets":{"Default":{"buttons_border_opacity":100,"buttons_shadow_vertical_offset":2,"inputs_border_opacity":15,"drawer_shadow_horizontal_offset":0,"social_youtube_link":"","colors_background_2":"#ebeced","media_shadow_opacity":0,"variant_pills_border_thickness":1,"text_boxes_radius":0,"colors_background_1":"#fcfcfc","variant_pills_shadow_opacity":0,"card_border_thickness":0,"predictive_search_enabled":true,"popup_shadow_horizontal_offset":6,"inputs_shadow_blur":5,"accent_icons":"text","media_shadow_horizontal_offset":0,"buttons_shadow_horizontal_offset":2,"buttons_border_thickness":1,"inputs_border_thickness":1,"predictive_search_show_price":false,"media_radius":0,"popup_border_thickness":0,"drawer_shadow_opacity":0,"type_header_font":"electra_n4","drawer_border_opacity":10,"currency_code_enabled":true,"social_tiktok_link":"","sold_out_badge_color_scheme":"inverse","text_boxes_border_thickness":0,"type_body_font":"electra_n4","popup_shadow_opacity":10,"page_width":1200,"card_corner_radius":0,"social_pinterest_link":"","sale_badge_color_scheme":"accent-2","card_shadow_blur":0,"body_scale":105,"text_boxes_shadow_blur":0,"inputs_shadow_vertical_offset":2,"colors_text":"#103948","badge_corner_radius":40,"spacing_sections":0,"text_boxes_shadow_horizontal_offset":0,"social_vimeo_link":"","buttons_shadow_opacity":10,"colors_accent_1":"#103948","heading_scale":105,"colors_accent_2":"#103948","colors_solid_button_labels":"#fcfcfc","media_shadow_vertical_offset":0,"text_boxes_shadow_opacity":0,"colors_outline_button_labels":"#052c46","card_shadow_vertical_offset":0,"drawer_shadow_vertical_offset":0,"spacing_grid_vertical":40,"gradient_background_2":"","card_text_alignment":"center","gradient_background_1":"","variant_pills_border_opacity":55,"social_instagram_link":"","inputs_shadow_opacity":5,"popup_corner_radius":0,"buttons_shadow_blur":5,"card_shadow_opacity":10,"badge_position":"bottom left","media_shadow_blur":0,"media_border_opacity":5,"sections":{"announcement-bar":{"settings":{},"blocks":{"announcement-bar-0":{"settings":{"link":"","color_scheme":"background-2","text":"Welcome to our store"},"type":"announcement"}},"type":"announcement-bar","block_order":["announcement-bar-0"]},"footer":{"settings":{"newsletter_enable":true,"newsletter_heading":"Subscribe to our emails","enable_country_selector":false,"margin_top":0,"padding_top":44,"color_scheme":"background-2","padding_bottom":32,"show_social":true,"enable_language_selector":false,"payment_enable":true},"blocks":{"image":{"settings":{"image_width":100,"alignment":"right"},"type":"image"},"link-list-1":{"settings":{"heading":"Info","menu":"footer"},"type":"link_list"},"link-list":{"settings":{"heading":"Shop","menu":"footer"},"type":"link_list"},"text":{"settings":{"subtext":"<p>Share contact information, store details, and brand content with your customers.<\/p>","heading":"Our mission"},"type":"text"}},"type":"footer","block_order":["link-list","link-list-1","image","text"]},"main-password-footer":{"settings":{"color_scheme":"background-1"},"type":"main-password-footer"},"header":{"settings":{"margin_bottom":20,"enable_sticky_header":true,"color_scheme":"background-1","show_line_separator":false,"logo_position":"top-center","menu":"main-menu","logo_width":120},"type":"header"},"main-password-header":{"settings":{"logo_max_width":100,"color_scheme":"background-1"},"type":"main-password-header"}},"variant_pills_shadow_horizontal_offset":0,"card_shadow_horizontal_offset":0,"predictive_search_show_vendor":false,"drawer_shadow_blur":0,"social_twitter_link":"","text_boxes_shadow_vertical_offset":0,"gradient_accent_2":"","gradient_accent_1":"","drawer_border_thickness":1,"card_color_scheme":"background-1","social_tumblr_link":"","popup_shadow_vertical_offset":6,"media_border_thickness":0,"buttons_radius":40,"card_border_opacity":0,"spacing_grid_horizontal":40,"social_facebook_link":"","variant_pills_radius":40,"card_image_padding":0,"popup_border_opacity":10,"social_snapchat_link":"","inputs_radius":2,"card_style":"standard","variant_pills_shadow_vertical_offset":0,"variant_pills_shadow_blur":0,"inputs_shadow_horizontal_offset":2,"text_boxes_border_opacity":0,"popup_shadow_blur":25}}}